pic_id,Views,tag
52189774772,9015.0,sri lanka
52174521170,320.0,sri lanka
52168220710,407.0,sri lanka
52165556729,461.0,sri lanka
52163097059,2835.0,sri lanka
52151259515,9087.0,sri lanka
52148806479,730.0,sri lanka
52139999359,3005.0,sri lanka
52125732133,1270.0,sri lanka
52121906734,680.0,sri lanka
52121404023,997.0,sri lanka
52114499159,6149.0,sri lanka
52111428485,686.0,sri lanka
52049105550,661.0,sri lanka
52046258887,1878.0,sri lanka
52035787124,369.0,sri lanka
52032917740,1098.0,sri lanka
52028693133,903.0,sri lanka
52026393994,434.0,sri lanka
52022847811,1222.0,sri lanka
52021576618,2045.0,sri lanka
52015963849,853.0,sri lanka
52011765420,16570.0,sri lanka
52010222407,924.0,sri lanka
52011303798,659.0,sri lanka
52009705947,7053.0,sri lanka
52006199104,694.0,sri lanka
52003707011,3719.0,sri lanka
52001535131,3270.0,sri lanka
51995173734,1047.0,sri lanka
51992728206,6458.0,sri lanka
51990557338,1364.0,sri lanka
51989474212,915.0,sri lanka
51987787017,1730.0,sri lanka
51989255990,690.0,sri lanka
51983776004,1664.0,sri lanka
51977136089,8553.0,sri lanka
51976789761,1445.0,sri lanka
51976254711,1928.0,sri lanka
51961378852,466.0,sri lanka
51961365899,721.0,sri lanka
51959931856,2251.0,sri lanka
51955041965,415.0,sri lanka
51953824988,2460.0,sri lanka
51949653510,4266.0,sri lanka
51948909703,3396.0,sri lanka
51945530206,917.0,sri lanka
51945501401,2480.0,sri lanka
6325785041,3713.0,sri lanka
4292821025,534.0,sri lanka
51948909703,3396.0,sri lanka
51945530206,917.0,sri lanka
51945501401,2480.0,sri lanka
51944935848,2612.0,sri lanka
51941404516,2822.0,sri lanka
51941193889,2111.0,sri lanka
51940045683,933.0,sri lanka
51939965021,728.0,sri lanka
51938553707,1023.0,sri lanka
51939748500,7710.0,sri lanka
51935941485,2487.0,sri lanka
51933120167,12775.0,sri lanka
51930906747,742.0,sri lanka
51927993127,2124.0,sri lanka
51926788722,3587.0,sri lanka
51927032631,19774.0,sri lanka
51924023124,1121.0,sri lanka
51923569473,2191.0,sri lanka
51920956524,1542.0,sri lanka
51916201112,1820.0,sri lanka
51917162006,2559.0,sri lanka
51917149921,1406.0,sri lanka
51915763708,4618.0,sri lanka
51914435170,3683.0,sri lanka
51913773051,3511.0,sri lanka
51912770477,1573.0,sri lanka
51914050760,894.0,sri lanka
51913955315,1546.0,sri lanka
51912597260,1406.0,sri lanka
51911193138,2329.0,sri lanka
51905276049,1316.0,sri lanka
51902116437,631.0,sri lanka
51901204264,6055.0,sri lanka
51901527565,521.0,sri lanka
51900577883,11984.0,sri lanka
51899666508,764.0,sri lanka
51898049442,907.0,sri lanka
51896689228,1484.0,sri lanka
51891420597,2859.0,sri lanka
51891637695,2681.0,sri lanka
51889988812,1204.0,sri lanka
51890990215,441.0,sri lanka
51889575549,2789.0,sri lanka
51888238941,569.0,sri lanka
51887019364,506.0,sri lanka
51887348935,430.0,sri lanka
51882949784,8900.0,sri lanka
51881812031,3831.0,sri lanka
51876233491,3127.0,sri lanka
51863876632,6846.0,sri lanka
